kind,seed,Fmid,Fbar,Frel,dW8,W0,W8,kO
B,0,-7.880803350636185,-7.43325860478805,-0.447544745848135,-0.005615478289356268,0.5282926984958229,0.5226772202064667,-0.01389487016193299
B,1,-7.87885851434232,-7.433488830740589,-0.4453696836017311,-0.006572740765561025,0.5273355555291088,0.5207628147635478,-0.05555810813529346
B,2,-7.877137408439913,-7.433090888628452,-0.4440465198114616,-0.007515259624960913,0.5268264242126972,0.5193111645877363,-0.08333456837782631
B,3,-7.877487371804697,-7.435119533622803,-0.4423678381818936,-0.007356847718053006,0.5257346783220929,0.5183778306040399,-0.08333682624788648
B,4,-7.8882784067331615,-7.4335115439594315,-0.45476686277373,-0.004500208451884924,0.531506924733904,0.5270067162820191,-0.0833376611902155
B,5,-7.888817091668873,-7.432582333060799,-0.4562347586080735,-0.0034942235364769925,0.5335249943081279,0.530030770771651,-0.05556031645159324
B,6,-7.8777872960117845,-7.433698254746819,-0.4440890412649656,-0.005736771259571283,0.5258108166130957,0.5200740453535244,-0.041672745097949306
B,7,-7.880423027325534,-7.433456627263302,-0.446966400062232,-0.0054415053475354025,0.5308853683611207,0.5254438630135853,-0.05555987517818983
T,0,-7.771987470238092,-7.4289790717946245,-0.34300839844346775,-0.011661399616931911,0.3970529732360155,0.3853915736190836,-0.01389487016193299
T,1,-7.770106607265324,-7.429266457692964,-0.34084014957236075,-0.012331211465469838,0.39626949750221657,0.38393828603674673,-0.05555810813529346
T,2,-7.768369121554008,-7.428789458839707,-0.33957966271430085,-0.013144898274671302,0.3960069122620747,0.3828620139874034,-0.08333456837782631
T,3,-7.768999740232274,-7.431076714894489,-0.3379230253377843,-0.012951548521902945,0.39487019533595336,0.3819186468140504,-0.08333682624788648
T,4,-7.7791597380222015,-7.429166250427242,-0.3499934875949595,-0.010776437003193418,0.3994511232253112,0.38867468622211776,-0.0833376611902155
T,5,-7.779709715246366,-7.428039518079278,-0.3516701971670875,-0.009962903686968283,0.40133044891054637,0.3913675452235781,-0.05556031645159324
T,6,-7.769144759879103,-7.4295364586140735,-0.33960830126502906,-0.011791144084687566,0.3950649810431427,0.3832738369584551,-0.041672745097949306
T,7,-7.771681365316803,-7.428970522423881,-0.342710842892922,-0.01148834424692885,0.39936390275938427,0.3878755585124554,-0.05555987517818983
P,0,-7.550109172128191,-7.445179296143838,-0.10492987598435288,-0.013831082528030725,0.20687994831315606,0.19304886578512534,-0.01389487016193299
P,1,-7.548302575200892,-7.445627188096759,-0.10267538710413326,-0.014130950495489847,0.20641779794017304,0.1922868474446832,-0.05555810813529346
P,2,-7.546498942644638,-7.445008211767155,-0.10149073087748217,-0.014637098965362139,0.20634835680681832,0.19171125784145618,-0.08333456837782631
P,3,-7.547829025002512,-7.447800850772438,-0.10002817423007393,-0.014433119673627953,0.20555709522739907,0.1911239755537711,-0.08333682624788648
P,4,-7.556682733059203,-7.445166798819004,-0.11151593424019879,-0.013354417387457851,0.20808056556498394,0.1947261481775261,-0.0833376611902155
P,5,-7.557294552084747,-7.443709731543338,-0.11358482054140939,-0.01290779411904644,0.20934697783869052,0.19643918371964408,-0.05556031645159324
P,6,-7.547629651235882,-7.44604199764857,-0.1015876535873117,-0.01390238976858224,0.20576583214952868,0.19186344238094644,-0.041672745097949306
P,7,-7.549979056210172,-7.4449009122430425,-0.10507814396712956,-0.013763453903865935,0.20838774200129698,0.19462428809743104,-0.05555987517818983
